{"254130":{"level":8,"parents":[{"id":313343,"delta":-2},{"id":306157,"delta":-4},{"id":148838,"delta":-6}],"name":"Лас Мариас, Пуерто Рицо","wikipedia":false,"index":1,"square":849432.9789711684,"property":{"openStreetMapId":254130,"geoNamesId":4565958,"wikipediaId":250975,"esosediId":1000287258,"iso3166":""}},"313343":{"level":6,"parents":[{"id":306157,"delta":-2},{"id":148838,"delta":-4}],"name":"Лас Мариас","wikipedia":false,"index":0,"square":135485473.91284198,"property":{"openStreetMapId":313343,"geoNamesId":4565961,"wikipediaId":0,"esosediId":1000265309,"iso3166":"PR-083"}}}