{"1764604":{"level":8,"parents":[{"id":1811621,"delta":-2},{"id":1775647,"delta":-4},{"id":72594,"delta":-6}],"name":"Bauska","wikipedia":"ru:Бауска","index":1,"square":17084620.591947988,"property":{"openStreetMapId":1764604,"geoNamesId":461114,"wikipediaId":20780,"esosediId":990096,"iso3166":""}},"1811621":{"level":6,"parents":[{"id":1775647,"delta":-2},{"id":72594,"delta":-4}],"name":"Bauska Municipality","wikipedia":"ru:Бауский_край","index":0,"square":2556626725.042424,"property":{"openStreetMapId":1811621,"geoNamesId":461112,"wikipediaId":543759,"esosediId":1000259547,"iso3166":"LV-016"}}}