{"1811623":{"level":6,"parents":[{"id":1775647,"delta":-2},{"id":72594,"delta":-4}],"name":"Иецавский край","wikipedia":"ru:Иецавский_край","index":0,"square":1032628708.5809379,"property":{"openStreetMapId":1811623,"geoNamesId":7628321,"wikipediaId":543849,"esosediId":1000259565,"iso3166":"LV-034"}},"1837853":{"level":8,"parents":[{"id":1811623,"delta":-2},{"id":1775647,"delta":-4},{"id":72594,"delta":-6}],"name":"Иецава","wikipedia":"ru:Иецава","index":1,"square":43290027.654586844,"property":{"openStreetMapId":1837853,"geoNamesId":459624,"wikipediaId":20715,"esosediId":3526777,"iso3166":""}}}