{"254129":{"level":8,"parents":[{"id":313344,"delta":-2},{"id":306157,"delta":-4},{"id":148838,"delta":-6}],"name":"Maricao, Puerto Rico","wikipedia":false,"index":1,"square":339513.0340675919,"property":{"openStreetMapId":254129,"geoNamesId":4566178,"wikipediaId":593118,"esosediId":1000279782,"iso3166":""}},"313344":{"level":6,"parents":[{"id":306157,"delta":-2},{"id":148838,"delta":-4}],"name":"Maricao","wikipedia":false,"index":0,"square":102494509.83435877,"property":{"openStreetMapId":313344,"geoNamesId":4566180,"wikipediaId":0,"esosediId":1000266069,"iso3166":"PR-093"}}}