{"407492":{"level":4,"parents":[{"id":270056,"delta":-2}],"name":"Хэнань","wikipedia":"en:Henan","index":0,"square":239935320108.45813,"property":{"openStreetMapId":407492,"geoNamesId":1808520,"wikipediaId":84739,"esosediId":1000258993,"iso3166":"CN-41"}},"2418140":{"level":6,"parents":[{"id":407492,"delta":-2},{"id":270056,"delta":-4}],"name":"Гуши Цоунтй","wikipedia":"de:Gushi","index":1,"square":4108360140.5891256,"property":{"openStreetMapId":2418140,"geoNamesId":1809223,"wikipediaId":612081,"esosediId":1000266052,"iso3166":""}}}