{"911844":{"level":4,"parents":[{"id":270056,"delta":-2}],"name":"Guangdong","wikipedia":"en:Guangdong","index":0,"square":347697177354.44006,"property":{"openStreetMapId":911844,"geoNamesId":1809935,"wikipediaId":84850,"esosediId":1000258990,"iso3166":"CN-44"}},"2689018":{"level":5,"parents":[{"id":911844,"delta":-1},{"id":270056,"delta":-3}],"name":"Mao-ming Shih","wikipedia":false,"index":1,"square":13205651628.286182,"property":{"openStreetMapId":2689018,"geoNamesId":1801179,"wikipediaId":0,"esosediId":1000261959,"iso3166":""}}}