{"254173":{"level":8,"parents":[{"id":330703,"delta":-2},{"id":306157,"delta":-4},{"id":148838,"delta":-6}],"name":"Villalba, Puerto Rico","wikipedia":false,"index":1,"square":3254858.7170362845,"property":{"openStreetMapId":254173,"geoNamesId":4568683,"wikipediaId":593135,"esosediId":1000361640,"iso3166":""}},"330703":{"level":6,"parents":[{"id":306157,"delta":-2},{"id":148838,"delta":-4}],"name":"Villalba","wikipedia":false,"index":0,"square":100041018.72900234,"property":{"openStreetMapId":330703,"geoNamesId":4568684,"wikipediaId":0,"esosediId":1000268583,"iso3166":"PR-149"}}}