{"913006":{"level":4,"parents":[{"id":270056,"delta":-2}],"name":"Shandong","wikipedia":"de:Shandong","index":0,"square":319743611256.85175,"property":{"openStreetMapId":913006,"geoNamesId":1796328,"wikipediaId":83872,"esosediId":1000258988,"iso3166":"CN-37"}},"2801712":{"level":5,"parents":[{"id":913006,"delta":-1},{"id":270056,"delta":-3}],"name":"Linyi","wikipedia":"ru:Линьи","index":1,"square":25539058903.649982,"property":{"openStreetMapId":2801712,"geoNamesId":0,"wikipediaId":84321,"esosediId":1000262171,"iso3166":""}}}