{"254153":{"level":8,"parents":[{"id":330706,"delta":-2},{"id":306157,"delta":-4},{"id":148838,"delta":-6}],"name":"Orocovis, Puerto Rico","wikipedia":false,"index":1,"square":344716.92378992215,"property":{"openStreetMapId":254153,"geoNamesId":4566454,"wikipediaId":593131,"esosediId":1000339336,"iso3166":""}},"330706":{"level":6,"parents":[{"id":306157,"delta":-2},{"id":148838,"delta":-4}],"name":"Orocovis","wikipedia":false,"index":0,"square":183765999.23287034,"property":{"openStreetMapId":330706,"geoNamesId":4566456,"wikipediaId":0,"esosediId":1000269397,"iso3166":"PR-107"}}}