{"1280465":{"level":4,"parents":[{"id":192756,"delta":-2}],"name":"Тебесса","wikipedia":"en:Tébessa_Province","index":0,"square":19572347476.605133,"property":{"openStreetMapId":1280465,"geoNamesId":2477457,"wikipediaId":542613,"esosediId":1000259104,"iso3166":"DZ-12"}},"2814580":{"level":7,"parents":[{"id":1280465,"delta":-3},{"id":192756,"delta":-5}],"name":"Тебесса","wikipedia":"ru:Тебесса","index":1,"square":289681383.54008466,"property":{"openStreetMapId":2814580,"geoNamesId":2477461,"wikipediaId":613767,"esosediId":1246219,"iso3166":""}}}