{"253884":{"level":8,"parents":[{"id":306003,"delta":-2},{"id":306004,"delta":-4}],"name":"Сонгсонг","wikipedia":false,"index":1,"square":2143766.0098702908,"property":{"openStreetMapId":253884,"geoNamesId":4041579,"wikipediaId":225816,"esosediId":1000309370,"iso3166":""}},"306003":{"level":6,"parents":[{"id":306004,"delta":-2}],"name":"Рота","wikipedia":false,"index":0,"square":655396978.1247709,"property":{"openStreetMapId":306003,"geoNamesId":4041530,"wikipediaId":0,"esosediId":1035416,"iso3166":"MP-100"}}}