{"254265":{"level":8,"parents":[{"id":318827,"delta":-2},{"id":306157,"delta":-4},{"id":148838,"delta":-6}],"name":"Adjuntas, Puerto Rico","wikipedia":false,"index":1,"square":1765535.5325800031,"property":{"openStreetMapId":254265,"geoNamesId":7276400,"wikipediaId":593168,"esosediId":1000384106,"iso3166":""}},"318827":{"level":6,"parents":[{"id":306157,"delta":-2},{"id":148838,"delta":-4}],"name":"Adjuntas, Puerto Rico","wikipedia":false,"index":0,"square":184016841.44873714,"property":{"openStreetMapId":318827,"geoNamesId":4562487,"wikipediaId":250852,"esosediId":1000264690,"iso3166":"PR-001"}}}