{"254227":{"level":8,"parents":[{"id":319377,"delta":-2},{"id":306157,"delta":-4},{"id":148838,"delta":-6}],"name":"Жаюя, Пуерто Рицо","wikipedia":false,"index":1,"square":837670.153599313,"property":{"openStreetMapId":254227,"geoNamesId":4565679,"wikipediaId":593154,"esosediId":1000369179,"iso3166":""}},"319377":{"level":6,"parents":[{"id":306157,"delta":-2},{"id":148838,"delta":-4}],"name":"Жаюя, Пуерто Рицо","wikipedia":false,"index":0,"square":120159943.38026637,"property":{"openStreetMapId":319377,"geoNamesId":4565684,"wikipediaId":250961,"esosediId":1000274837,"iso3166":"PR-073"}}}