{"1791862":{"level":6,"parents":[{"id":1775823,"delta":-2},{"id":72594,"delta":-4}],"name":"Балдонский край","wikipedia":"ru:Балдонский_край","index":0,"square":591282714.3460281,"property":{"openStreetMapId":1791862,"geoNamesId":7628324,"wikipediaId":543750,"esosediId":1000259544,"iso3166":"LV-013"}},"1801822":{"level":10,"parents":[{"id":1791862,"delta":-4},{"id":1775823,"delta":-6},{"id":72594,"delta":-8}],"name":"Балдоне","wikipedia":"ru:Балдоне","index":1,"square":32028768.339329083,"property":{"openStreetMapId":1801822,"geoNamesId":461224,"wikipediaId":20786,"esosediId":1380803,"iso3166":""}}}