{"1781274":{"level":6,"parents":[{"id":1775823,"delta":-2},{"id":72594,"delta":-4}],"name":"Sigulda Municipality","wikipedia":"ru:Сигулдский_край","index":0,"square":1230447421.953203,"property":{"openStreetMapId":1781274,"geoNamesId":7628362,"wikipediaId":544072,"esosediId":1000259619,"iso3166":"LV-091"}},"1792254":{"level":8,"parents":[{"id":1781274,"delta":-2},{"id":1775823,"delta":-4},{"id":72594,"delta":-6}],"name":"Sigulda","wikipedia":"de:Sigulda","index":1,"square":59314966.383888714,"property":{"openStreetMapId":1792254,"geoNamesId":455718,"wikipediaId":20532,"esosediId":890094,"iso3166":""}}}