{"531998":{"level":8,"parents":[{"id":1848740,"delta":-2},{"id":1851752,"delta":-4},{"id":192307,"delta":-6}],"name":"Makronisos","wikipedia":"en:Makronisos","index":1,"square":26727928.699090015,"property":{"openStreetMapId":531998,"geoNamesId":0,"wikipediaId":601036,"esosediId":1000333984,"iso3166":""}},"1848740":{"level":6,"parents":[{"id":1851752,"delta":-2},{"id":192307,"delta":-4}],"name":"Cyclades","wikipedia":false,"index":0,"square":52172019656.96314,"property":{"openStreetMapId":1848740,"geoNamesId":259819,"wikipediaId":541138,"esosediId":1000259285,"iso3166":"GR-82"}}}