{"1273552":{"level":4,"parents":[{"id":192756,"delta":-2}],"name":"Skikda Province","wikipedia":"en:Skikda_Province","index":0,"square":6430395673.271246,"property":{"openStreetMapId":1273552,"geoNamesId":2479532,"wikipediaId":542465,"esosediId":1000259112,"iso3166":"DZ-21"}},"2514757":{"level":7,"parents":[{"id":1273552,"delta":-3},{"id":192756,"delta":-5}],"name":"Skikda","wikipedia":"ru:Скикда","index":1,"square":86952040.8958137,"property":{"openStreetMapId":2514757,"geoNamesId":2479536,"wikipediaId":103595,"esosediId":1000277665,"iso3166":""}}}