{"254221":{"level":8,"parents":[{"id":309826,"delta":-2},{"id":306157,"delta":-4},{"id":148838,"delta":-6}],"name":"Кулебра","wikipedia":"ru:Кулебра","index":1,"square":1870438.8864102997,"property":{"openStreetMapId":254221,"geoNamesId":4564070,"wikipediaId":593152,"esosediId":1000324623,"iso3166":""}},"309826":{"level":6,"parents":[{"id":306157,"delta":-2},{"id":148838,"delta":-4}],"name":"Кулебра","wikipedia":"ru:Кулебра","index":0,"square":484178684.6025759,"property":{"openStreetMapId":309826,"geoNamesId":4564071,"wikipediaId":250918,"esosediId":1000265272,"iso3166":"PR-049"}}}