{"254178":{"level":8,"parents":[{"id":319390,"delta":-2},{"id":306157,"delta":-4},{"id":148838,"delta":-6}],"name":"Циалес, Пуерто Рицо","wikipedia":false,"index":1,"square":2126719.188611254,"property":{"openStreetMapId":254178,"geoNamesId":4563773,"wikipediaId":593136,"esosediId":1000391397,"iso3166":""}},"319390":{"level":6,"parents":[{"id":306157,"delta":-2},{"id":148838,"delta":-4}],"name":"Циалес","wikipedia":false,"index":0,"square":185278264.8092991,"property":{"openStreetMapId":319390,"geoNamesId":4563774,"wikipediaId":0,"esosediId":1000263151,"iso3166":"PR-039"}}}