{"253904":{"level":8,"parents":[{"id":312470,"delta":-2},{"id":306157,"delta":-4},{"id":148838,"delta":-6}],"name":"Hormigueros, Puerto Rico","wikipedia":false,"index":1,"square":11986534.773312908,"property":{"openStreetMapId":253904,"geoNamesId":4565380,"wikipediaId":593060,"esosediId":1000346494,"iso3166":""}},"312470":{"level":6,"parents":[{"id":306157,"delta":-2},{"id":148838,"delta":-4}],"name":"Hormigueros","wikipedia":false,"index":0,"square":32295525.05499775,"property":{"openStreetMapId":312470,"geoNamesId":4565381,"wikipediaId":0,"esosediId":1000274656,"iso3166":"PR-067"}}}