{"254189":{"level":8,"parents":[{"id":317935,"delta":-2},{"id":306157,"delta":-4},{"id":148838,"delta":-6}],"name":"Ларес","wikipedia":"ru:Ларес_(Пуэрто-Рико)","index":1,"square":3736972.3495254233,"property":{"openStreetMapId":254189,"geoNamesId":4565908,"wikipediaId":593140,"esosediId":1000339390,"iso3166":""}},"317935":{"level":6,"parents":[{"id":306157,"delta":-2},{"id":148838,"delta":-4}],"name":"Ларес","wikipedia":false,"index":0,"square":173877422.80754513,"property":{"openStreetMapId":317935,"geoNamesId":4565910,"wikipediaId":0,"esosediId":1000270121,"iso3166":"PR-081"}}}