{"1376489":{"level":4,"parents":[{"id":114686,"delta":-2}],"name":"México","wikipedia":"en:State_of_Mexico","index":0,"square":25078257688.639446,"property":{"openStreetMapId":1376489,"geoNamesId":3523272,"wikipediaId":541608,"esosediId":1000203671,"iso3166":"MX-MEX"}},"1764064":{"level":6,"parents":[{"id":1376489,"delta":-2},{"id":114686,"delta":-4}],"name":"Valle de Bravo","wikipedia":"ru:Валье-де-Браво","index":1,"square":448938454.47441256,"property":{"openStreetMapId":1764064,"geoNamesId":3980621,"wikipediaId":224300,"esosediId":1000264624,"iso3166":""}}}