{"1900963":{"level":4,"parents":[{"id":49915,"delta":-2}],"name":"Ниньбинь","wikipedia":"en:Ninh_Bình_Province","index":0,"square":1569428490.9157612,"property":{"openStreetMapId":1900963,"geoNamesId":1559970,"wikipediaId":541777,"esosediId":1000260823,"iso3166":"VN-18"}},"2150355":{"level":6,"parents":[{"id":1900963,"delta":-2},{"id":49915,"delta":-4}],"name":"Ким Сон Дистрикт","wikipedia":false,"index":1,"square":204650440.6285498,"property":{"openStreetMapId":2150355,"geoNamesId":1905211,"wikipediaId":568837,"esosediId":1000264453,"iso3166":""}}}