{"254104":{"level":8,"parents":[{"id":311222,"delta":-2},{"id":306157,"delta":-4},{"id":148838,"delta":-6}],"name":"Mora","wikipedia":false,"index":1,"square":61147.18436987698,"property":{"openStreetMapId":254104,"geoNamesId":4566330,"wikipediaId":0,"esosediId":1000331857,"iso3166":""}},"311222":{"level":6,"parents":[{"id":306157,"delta":-2},{"id":148838,"delta":-4}],"name":"Isabela, Puerto Rico","wikipedia":false,"index":0,"square":262210768.80252928,"property":{"openStreetMapId":311222,"geoNamesId":4565581,"wikipediaId":250955,"esosediId":1000263751,"iso3166":"PR-071"}}}